ip,first_seen_utc
154.92.15.229,2025-11-02
175.24.155.13,2025-11-02
110.242.69.30,2025-11-02
94.74.164.177,2025-11-02
87.251.67.85,2025-11-02
82.156.156.160,2025-11-02
8.155.0.238,2025-11-02
8.152.99.85,2025-11-02
8.148.194.157,2025-11-02
8.147.128.54,2025-11-02
8.138.222.215,2025-11-02
8.138.167.123,2025-11-02
8.137.114.210,2025-11-02
8.130.80.145,2025-11-02
8.130.26.216,2025-11-02
68.64.176.42,2025-11-02
47.98.134.252,2025-11-02
47.121.135.201,2025-11-02
47.116.208.81,2025-11-02
47.113.186.138,2025-11-02
47.110.67.64,2025-11-02
47.109.48.57,2025-11-02
47.105.36.109,2025-11-02
45.58.56.34,2025-11-02
45.204.216.24,2025-11-02
43.163.112.217,2025-11-02
43.153.222.28,2025-11-02
43.143.229.126,2025-11-02
43.138.0.179,2025-11-02
43.138.0.179,2025-11-02
39.105.160.175,2025-11-02
39.104.78.25,2025-11-02
38.38.250.99,2025-11-02
211.184.175.246,2025-11-02
20.74.209.192,2025-11-02
196.251.83.89,2025-11-02
196.251.69.253,2025-11-02
195.178.110.135,2025-11-02
193.112.84.248,2025-11-02
192.253.227.88,2025-11-02
182.92.239.94,2025-11-02
182.254.155.23,2025-11-02
182.16.98.83,2025-11-02
179.43.186.223,2025-11-02
178.16.55.53,2025-11-02
167.88.168.76,2025-11-02
165.154.244.73,2025-11-02
156.227.233.153,2025-11-02
156.225.20.77,2025-11-02
154.92.15.229,2025-11-02
152.32.202.240,2025-11-02
150.158.170.241,2025-11-02
150.158.119.242,2025-11-02
140.143.194.253,2025-11-02
129.28.85.210,2025-11-02
124.223.114.203,2025-11-02
124.222.218.20,2025-11-02
124.221.255.78,2025-11-02
123.56.78.220,2025-11-02
119.42.148.186,2025-11-02
119.29.231.118,2025-11-02
118.25.91.151,2025-11-02
118.25.148.25,2025-11-02
117.72.184.172,2025-11-02
117.72.181.104,2025-11-02
107.149.192.54,2025-11-02
106.54.61.188,2025-11-02
106.12.111.209,2025-11-02
103.171.35.66,2025-11-02
103.171.35.26,2025-11-02
103.149.93.146,2025-11-02
103.125.248.109,2025-11-02
101.35.109.246,2025-11-02
101.34.205.214,2025-11-02
101.32.109.112,2025-11-02
1.15.174.189,2025-11-02
103.73.66.43,2025-11-02
222.255.214.236,2025-11-02
83.229.126.65,2025-11-02
83.229.126.65,2025-11-02
81.71.159.99,2025-11-02
81.70.255.195,2025-11-02
81.69.98.230,2025-11-02
8.210.78.137,2025-11-02
8.153.205.30,2025-11-02
8.140.239.162,2025-11-02
8.140.239.162,2025-11-02
61.166.154.109,2025-11-02
60.204.169.16,2025-11-02
59.110.7.32,2025-11-02
49.235.177.231,2025-11-02
47.93.28.103,2025-11-02
47.90.142.15,2025-11-02
47.243.175.24,2025-11-02
47.239.188.48,2025-11-02
47.122.30.177,2025-11-02
47.122.1.243,2025-11-02
47.121.137.8,2025-11-02
47.120.70.161,2025-11-02
47.116.208.81,2025-11-02
47.113.186.138,2025-11-02
47.111.146.110,2025-11-02
47.111.146.110,2025-11-02
47.110.67.64,2025-11-02
47.109.145.121,2025-11-02
47.107.136.106,2025-11-02
47.100.168.4,2025-11-02
45.58.56.34,2025-11-02
45.115.236.152,2025-11-02
43.153.222.28,2025-11-02
43.139.169.60,2025-11-02
43.139.146.100,2025-11-02
43.133.41.106,2025-11-02
42.192.49.72,2025-11-02
39.107.85.83,2025-11-02
39.106.144.162,2025-11-02
39.105.165.37,2025-11-02
38.190.224.63,2025-11-02
222.255.214.236,2025-11-02
192.252.187.60,2025-11-02
182.16.98.84,2025-11-02
182.16.98.83,2025-11-02
178.16.55.53,2025-11-02
178.16.52.194,2025-11-02
172.245.215.43,2025-11-02
165.154.125.212,2025-11-02
156.245.248.173,2025-11-02
156.233.233.134,2025-11-02
154.201.91.224,2025-11-02
154.201.74.112,2025-11-02
152.32.251.78,2025-11-02
152.136.139.105,2025-11-02
140.143.194.253,2025-11-02
139.196.126.161,2025-11-02
134.122.140.185,2025-11-02
129.204.103.151,2025-11-02
124.223.47.219,2025-11-02
124.223.199.39,2025-11-02
124.221.32.87,2025-11-02
124.220.48.168,2025-11-02
124.220.164.98,2025-11-02
121.41.167.80,2025-11-02
121.40.18.128,2025-11-02
120.48.50.33,2025-11-02
119.45.29.172,2025-11-02
118.25.91.151,2025-11-02
118.25.85.198,2025-11-02
117.72.214.50,2025-11-02
117.72.206.39,2025-11-02
117.72.184.172,2025-11-02
117.72.175.125,2025-11-02
117.72.102.110,2025-11-02
116.62.226.163,2025-11-02
116.198.233.179,2025-11-02
115.190.178.249,2025-11-02
114.132.150.96,2025-11-02
110.40.176.194,2025-11-02
106.75.224.31,2025-11-02
106.75.224.31,2025-11-02
106.75.215.96,2025-11-02
106.52.208.143,2025-11-02
106.13.137.229,2025-11-02
103.73.66.43,2025-11-02
101.43.91.156,2025-11-02
101.43.2.116,2025-11-02
101.133.148.66,2025-11-02
1.15.25.148,2025-11-02
1.15.25.148,2025-11-02
185.208.159.156,2024-11-19
162.251.94.192,2024-07-03
147.45.178.94,2024-06-30
185.143.223.43,2024-06-30
91.238.181.235,2024-06-16
119.82.97.10,2024-06-16
89.23.108.208,2024-06-16
119.82.97.10,2024-06-16
119.82.97.10,2024-06-16
45.142.36.64,2024-06-16
107.148.1.188,2024-06-16
vip8806.mom,2024-06-16
1.15.248.225,2024-06-02
101.201.54.74,2024-06-02
101.43.32.212,2024-06-02
106.54.209.36,2024-06-02
111.229.187.212,2024-06-02
111.230.12.238,2024-06-02
111.92.243.236,2024-06-02
113.31.105.33,2024-06-02
113.31.106.106,2024-06-02
114.55.133.151,2024-06-02
117.72.8.192,2024-06-02
118.31.116.9,2024-06-02
119.28.83.149,2024-06-02
119.91.208.190,2024-06-02
121.43.55.149,2024-06-02
123.58.198.236,2024-06-02
124.223.41.181,2024-06-02
124.71.106.234,2024-06-02
134.122.130.181,2024-06-02
134.122.130.186,2024-06-02
139.155.148.131,2024-06-02
139.159.203.44,2024-06-02
139.9.62.19,2024-06-02
165.227.108.186,2024-06-02
185.196.10.121,2024-06-02
185.196.8.18,2024-06-02
194.165.16.55,2024-06-02
20.56.70.245,2024-06-02
43.136.38.59,2024-06-02
47.100.87.177,2024-06-02
47.105.69.34,2024-06-02
47.108.180.121,2024-06-02
47.109.69.135,2024-06-02
47.92.127.53,2024-06-02
62.204.41.11,2024-06-02
62.234.27.204,2024-06-02
64.7.198.58,2024-06-02
77.242.250.36,2024-06-02
8.134.11.7,2024-06-02
8.210.9.201,2024-06-02
8.212.49.116,2024-06-02
80.66.75.9,2024-06-02
91.238.181.235,2024-06-02
162.33.177.167,2024-06-02
45.92.158.20,2024-06-02
185.196.8.18,2024-05-15
8.212.44.149,2024-05-15
185.196.8.18,2024-05-15
42.194.227.91,2024-05-15
154.8.187.177,2024-05-15
googlesupportacc.top,2024-03-27
149.104.30.191,2024-03-27
179.60.147.175,2024-02-13
3.22.66.152,2024-02-13
emailmigration.org,2024-02-13
64.225.12.181,2024-02-13
45.121.48.43,2024-02-13
185.3.45.6,2024-02-13
ns1.emailmigration.org,2024-02-13
185.3.45.6,2024-02-13
24.137.215.164,2024-02-13
185.3.45.6,2024-02-13
159.65.150.184,2024-02-13
64.225.12.181,2024-02-13
164.90.169.184,2024-02-13
64.225.12.181,2024-02-13
8.219.229.99,2024-02-13
64.225.12.181,2024-02-13
85.25.246.170,2024-02-08
45.148.244.206,2024-02-08
3.66.49.194,2024-02-08
5.188.87.54,2024-02-08
44.227.76.166,2024-02-08
82.157.149.194,2024-02-08
3.66.49.194,2024-02-08
82.157.149.194,2024-02-08
179.60.147.175,2024-02-08
3.22.66.152,2024-02-08
emailmigration.org,2024-02-08
3.66.49.194,2024-02-08
163.5.169.23,2024-02-08
64.225.12.181,2024-02-08
45.121.48.43,2024-02-08
134.209.92.85,2024-02-08
185.3.45.6,2024-02-08
ns1.emailmigration.org,2024-02-08
185.3.45.6,2024-02-08
3.66.49.194,2024-02-08
24.137.215.164,2024-02-08
185.3.45.6,2024-02-08
159.65.150.184,2024-02-08
163.5.169.23,2024-02-08
163.5.169.23,2024-02-08
64.225.12.181,2024-02-08
164.90.169.184,2024-02-08
64.225.12.181,2024-02-08
3.66.49.194,2024-02-08
8.219.229.99,2024-02-08
64.225.12.181,2024-02-08
62.138.6.20,2024-01-05
cs.xcb.one,2024-01-05
3.66.49.194,2024-01-05
5.188.87.54,2024-01-05
77.242.250.36,2024-01-05
82.157.149.194,2024-01-05
3.66.49.194,2024-01-05
82.157.149.194,2024-01-05
5.188.86.24,2024-01-05
5.188.86.24,2024-01-05
unzip2.xyz,2024-01-05
164.92.150.47,2023-11-24
americcorp.net,2023-11-24
161.35.24.190,2023-11-24
47.242.158.114,2023-11-24
185.81.68.90,2023-11-24
134.209.164.110,2023-11-24
e-servicesolutions.com,2023-11-24
154.83.17.116,2023-11-24
159.203.95.49,2023-11-24
77.242.250.36,2023-11-24
146.190.145.40,2023-11-24
82.157.149.194,2023-11-24
44.204.120.159,2023-11-24
178.128.79.94,2023-11-24
154.83.17.116,2023-11-24
154.83.17.116,2023-11-24
82.157.149.194,2023-11-24
134.209.164.110,2023-11-24
yify88.com,2023-11-24
192.3.76.67,2023-09-01
103.146.141.98,2023-08-26
138.197.92.163,2023-08-26
77.242.250.36,2023-08-26
104.168.48.208,2023-08-26
154.83.17.116,2023-08-26
amazonclouds.link,2023-08-26
amur-city.online,2023-08-26
artmicrodesign.com,2023-08-26
avdev.net,2023-08-26
blackandwhiteshoose.com,2023-08-26
caixas.link,2023-08-26
cdnsupply.com,2023-08-26
ddllsearch.site,2023-08-26
devcloudpro.com,2023-08-26
eaglehardwares.com,2023-08-26
execsvct.com,2023-08-26
gepcash.com,2023-08-26
getsafeblog.com,2023-08-26
goodsport2023.win,2023-08-26
goodsport2023.win,2023-08-26
goupdatemic.online,2023-08-26
information.baby,2023-08-26
jacketsupport.com,2023-08-26
mkbkygbgwcdc.buzz,2023-08-26
pctor.link,2023-08-26
pegistrationads.site,2023-08-26
realsecuritystore.com,2023-08-26
sheersdesigns.com,2023-08-26
stratpringl.com,2023-08-26
tehomics.link,2023-08-26
thconnewfoot.org,2023-08-26
uranustechsolution.com,2023-08-26
vmware.rest,2023-08-26
withoutedge.com,2023-08-26
wv2022.com,2023-08-26
138.197.92.163,2023-08-14
77.242.250.36,2023-08-14
103.146.141.98,2023-08-14
104.168.48.208,2023-08-14
103.146.141.98,2023-08-14
harmonyshoused.com,2023-08-14
tehomics.link,2023-08-14
pctor.link,2023-08-14
194.50.153.20,2023-07-03
cdnsupply.com,2023-07-03
194.50.153.19,2023-07-03
74.119.239.234,2023-07-03
194.50.153.12,2023-07-03
74.119.239.234,2023-07-03
194.50.153.39,2023-07-03
194.50.153.20,2023-06-09
13.55.24.36,2023-06-09
194.50.153.19,2023-06-09
18.220.154.157,2023-06-09
3.77.8.200,2023-06-09
surplusofer.com,2023-06-09
91.238.181.250,2023-06-09
91.238.181.247,2023-05-16
artmicrodesign.com,2023-05-16
sheersdesigns.com,2023-05-16
109.206.243.96,2023-04-22
34.224.154.88,2023-04-22
45.227.253.20,2023-04-22
54.209.125.217,2023-04-22
91.215.85.183,2023-04-22
jacketsupport.com,2023-04-22
duckducklive.top,2023-04-03
194.76.227.139,2023-04-03
167.172.157.217,2023-04-03
134.122.170.68,2023-04-03
moviegallerys.com,2023-04-03
46.17.43.67,2023-04-03
45.227.252.253,2023-03-20
77.91.84.16,2023-03-20
204.188.203.212,2023-03-20
77.91.84.149,2023-03-20
eaglehardwares.com,2023-03-20
information.baby,2023-03-20
74.201.28.102,2023-03-20
193.29.13.153,2023-03-20
193.29.13.153,2023-03-20
pegistrationads.site,2023-03-20
45.77.138.125,2023-03-20
23.227.196.194,2023-02-25
23.227.203.70,2023-02-25
54.188.58.32,2023-02-25
77.91.84.137,2023-02-25
84.38.180.69,2023-02-25
23.227.196.174,2023-02-25
154.223.165.16,2023-02-25
154.223.165.16,2023-02-25
109.172.45.38,2023-02-25
109.206.240.216,2023-02-25
146.70.161.122,2023-02-25
15.197.130.221,2023-02-25
15.197.130.221,2023-02-25
15.197.130.221,2023-02-25
172.93.193.238,2023-02-25
185.39.18.159,2023-02-25
194.165.16.93,2023-02-25
198.54.117.242,2023-02-25
206.189.201.57,2023-02-25
212.118.54.138,2023-02-25
23.227.202.66,2023-02-25
23.227.202.66,2023-02-25
23.227.203.70,2023-02-25
43.159.43.58,2023-02-25
79.137.202.45,2023-02-25
91.215.85.196,2023-02-25
blackandwhiteshoose.com,2023-02-25
getsafeblog.com,2023-02-25
realsecuritystore.com,2023-02-25
vmware.rest,2023-02-25
wv2022.com,2023-02-25
194.165.16.57,2023-02-04
5.199.168.46,2023-02-04
109.172.45.28,2023-02-04
184.72.146.182,2023-02-04
190.123.44.207,2023-02-04
109.172.45.77,2023-02-04
wv2022.com,2023-02-04
212.113.106.118,2023-01-25
91.213.50.35,2023-01-25
84.32.188.186,2023-01-25
gepcash.com,2023-01-25
23.227.202.188,2023-01-25
23.227.202.188,2023-01-25
23.227.202.188,2023-01-25
23.227.202.188,2023-01-25
77.73.134.51,2023-01-21
23.227.202.66,2023-01-20
blackandwhiteshoose.com,2023-01-20
37.72.168.213,2023-01-20
15.197.130.221,2023-01-20
goodsport2023.win,2023-01-20
103.146.141.98,2023-01-20
137.184.49.135,2023-01-20
156.96.157.120,2023-01-20
194.180.49.135,2023-01-20
realsecuritystore.com,2023-01-20
84.32.190.100,2023-01-20
193.168.141.202,2023-01-20
23.227.203.14,2023-01-20
157.245.102.164,2023-01-20
15.197.130.221,2023-01-20
37.72.168.213,2023-01-08
15.197.130.221,2023-01-08
103.146.141.98,2023-01-08
15.197.130.221,2023-01-08
45.128.222.243,2022-12-31
msndla.com,2022-12-31
163.123.142.146,2022-12-31
wv2022.com,2022-12-31
5.255.106.106,2022-12-31
84.32.128.150,2022-12-25
5.181.86.249,2022-12-25
77.73.134.23,2022-12-25
79.137.202.45,2022-12-25
79.137.202.62,2022-12-25
45.227.252.253,2022-12-25
154.223.165.16,2022-12-25
167.172.24.169,2022-12-17
172.105.27.61,2022-12-12
43.132.222.36,2022-12-12
43.132.124.75,2022-12-12
msndla.com,2022-12-12
77.73.133.84,2022-12-12
84.32.191.131,2022-12-12
31.172.83.154,2022-12-12
154.7.253.11,2022-12-12
get-music-online.com,2022-12-12
globalplayservices.com,2022-12-12
globalsteamclub.com,2022-12-12
79.137.207.137,2022-12-12
103.146.141.98,2022-12-12
179.43.142.47,2022-12-12
rapidfinact.com,2022-12-12
45.192.182.192,2022-12-12
18.194.147.156,2022-11-25
79.133.56.243,2022-11-25
dnsupdatecheck.com,2022-11-25
buy1walmart.com,2022-11-25
52.14.55.184,2022-11-17
84.32.190.246,2022-11-17
84.32.128.99,2022-11-17
get-smartbuyer.com,2022-11-17
185.247.224.65,2022-11-06
194.165.16.90,2022-11-06
89.185.84.22,2022-10-31
139.60.161.236,2022-10-31
89.185.84.28,2022-10-31
185.143.223.75,2022-10-31
193.233.203.214,2022-10-31
185.143.223.76,2022-10-31
5.44.42.42,2022-10-31
5.44.42.44,2022-10-31
5.44.42.48,2022-10-31
13.58.89.86,2022-10-31
81.19.140.23,2022-10-26
45.147.230.252,2022-10-26
185.143.223.69,2022-10-26
79.133.56.243,2022-10-26
5.181.86.248,2022-10-26
142.44.211.35,2022-10-26
84.32.128.99,2022-10-26
84.32.128.5,2022-10-26
185.143.223.71,2022-10-26
190.123.44.221,2022-10-19
43.154.27.211,2022-10-19
179.60.146.53,2022-10-19
newyearbalance.com,2022-10-19
84.32.128.89,2022-10-19
13.40.120.240,2022-10-19
77.73.133.80,2022-10-19
flashcom.top,2022-10-19
5.44.42.17,2022-10-19
194.165.16.83,2022-10-06
139.60.161.164,2022-10-06
5.44.42.14,2022-10-06
5.44.42.45,2022-10-06
5.44.42.49,2022-10-06
160.20.147.57,2022-10-06
179.43.162.24,2022-10-06
64.44.135.106,2022-10-06
api-trend-micro.com,2022-10-06
get-topservice.com,2022-10-02
23.29.115.190,2022-10-02
64.44.102.127,2022-10-02
149.255.35.160,2022-10-02
68.233.238.123,2022-10-02
104.156.59.221,2022-10-02
23.227.198.227,2022-10-02
23.227.198.239,2022-10-02
3.138.96.16,2022-10-02
179.60.146.16,2022-10-02
23.81.246.200,2022-10-02
23.19.227.177,2022-10-02
64.44.98.231,2022-10-02
23.81.246.209,2022-10-02
45.153.242.82,2022-09-23
23.83.133.97,2022-09-23
77.73.134.10,2022-09-23
23.19.58.94,2022-09-23
3.145.10.52,2022-09-23
139.60.161.99,2022-09-23
87.246.7.38,2022-09-23
84.32.128.5,2022-09-23
84.32.128.7,2022-09-23
23.227.198.246,2022-09-23
13.40.120.240,2022-09-23
23.227.198.246,2022-09-23
23.224.152.138,2022-09-23
194.37.97.153,2022-09-23
149.255.35.131,2022-09-23
194.165.16.53,2022-09-23
179.60.146.52,2022-09-23
188.166.16.172,2022-09-23
139.60.161.236,2022-09-23
139.60.161.236,2022-09-23
217.79.243.148,2022-09-23
179.60.146.34,2022-09-23
139.60.161.236,2022-09-23
34.92.131.12,2022-09-23
198.98.53.34,2022-09-23
42.192.21.181,2022-09-23
95.216.207.130,2022-09-23
154.22.117.31,2022-09-23
87.246.7.38,2022-09-23
179.60.146.52,2022-09-18
45.153.241.88,2022-09-18
84.32.188.142,2022-09-18
13.40.120.240,2022-09-18
flashcom.top,2022-09-18
84.32.188.25,2022-09-18
178.208.94.214,2022-09-18
179.60.146.34,2022-09-18
chickenpoken.com,2022-09-09
hockeysmall.com,2022-09-09
178.208.94.214,2022-09-09
23.108.57.211,2022-09-09
3.13.126.118,2022-09-09
108.62.118.65,2022-09-09
139.60.161.47,2022-09-06
139.60.161.162,2022-09-06
213.227.154.100,2022-09-06
137.184.139.189,2022-09-06
newstamagavk.com,2022-09-06
84.32.188.210,2022-09-06
179.43.162.24,2022-09-06
185.240.34.10,2022-09-06
sprinthunter.com,2022-09-06
18.222.8.93,2022-09-02
23.227.198.227,2022-09-02
194.37.97.146,2022-09-02
23.227.198.239,2022-09-02
out1etshops.com,2022-09-02
37.252.9.42,2022-09-02
172.93.181.165,2022-09-02
139.60.161.43,2022-09-02
64.44.98.227,2022-09-02
89.185.85.17,2022-09-02
23.106.215.64,2022-09-02
23.106.215.139,2022-09-02
108.62.118.185,2022-09-02
213.227.154.170,2022-09-02
64.44.98.23,2022-09-02
23.81.246.209,2022-09-02
23.19.58.163,2022-09-02
45.147.229.22,2022-09-02
206.189.236.243,2022-09-02
84.32.188.234,2022-08-28
84.32.188.234,2022-08-28
84.32.188.234,2022-08-28
84.32.188.234,2022-08-28
84.32.188.234,2022-08-28
84.32.188.234,2022-08-28
84.32.188.234,2022-08-28
84.32.188.234,2022-08-28
84.32.188.234,2022-08-28
84.32.188.234,2022-08-28
84.32.188.234,2022-08-28
84.32.188.234,2022-08-28
84.32.188.234,2022-08-28
84.32.188.234,2022-08-28
84.32.188.234,2022-08-28
84.32.188.234,2022-08-28
84.32.188.234,2022-08-28
84.32.188.234,2022-08-28
84.32.188.234,2022-08-28
84.32.188.234,2022-08-28
84.32.188.234,2022-08-28
84.32.188.234,2022-08-28
84.32.188.234,2022-08-28
139.60.161.213,2022-08-28
139.60.161.213,2022-08-28
84.32.188.234,2022-08-28
84.32.188.238,2022-08-28
23.29.115.190,2022-08-28
54.169.204.154,2022-08-28
146.70.116.20,2022-08-28
149.255.35.160,2022-08-28
185.244.212.126,2022-08-28
68.233.238.123,2022-08-28
104.156.59.221,2022-08-28
23.29.115.140,2022-08-28
194.165.16.53,2022-08-26
45.66.248.203,2022-08-26
45.147.229.157,2022-08-26
64.44.102.19,2022-08-26
213.227.154.235,2022-08-26
suppcat.online,2022-08-26
84.32.188.121,2022-08-23
94.232.41.105,2022-08-23
45.159.249.251,2022-08-23
64.44.141.124,2022-08-23
213.227.154.15,2022-08-23
162.244.83.118,2022-08-23
23.108.57.108,2022-08-23
54.228.20.50,2022-08-23
baidu-cdn-10.com,2022-08-23
84.32.188.210,2022-08-23
139.60.161.55,2022-08-23
23.82.140.97,2022-08-23
185.173.34.120,2022-08-23
185.244.150.226,2022-08-23
64.44.98.162,2022-08-23
5.199.162.67,2022-08-23
84.32.190.20,2022-08-23
3.145.10.52,2022-08-23
139.60.161.99,2022-08-23
45.11.19.66,2022-08-23
137.184.30.177,2022-08-23
185.170.144.217,2022-08-11
206.189.236.243,2022-08-11
84.32.188.9,2022-08-11
212.8.251.167,2022-08-11
3.13.126.118,2022-08-11
108.62.118.65,2022-08-11
westtherr.com,2022-08-11
139.60.161.52,2022-08-11
23.227.202.198,2022-08-01
84.32.188.54,2022-08-01
15.235.140.234,2022-08-01
146.0.72.97,2022-08-01
84.32.188.238,2022-08-01
5.199.168.103,2022-08-01
108.62.118.133,2022-08-01
sscimails.com,2022-08-01
143.198.27.227,2022-07-23
139.60.160.21,2022-07-23
wxtencent.com,2022-07-23
139.60.161.227,2022-07-23
52.14.55.184,2022-07-23
146.70.87.164,2022-07-23
137.184.30.177,2022-07-23
84.32.188.214,2022-07-17
146.0.72.90,2022-07-17
ateliernow.net,2022-07-17
onemusicllc.com,2022-07-17
realmacnow.com,2022-07-17
139.60.161.165,2022-07-17
139.60.161.167,2022-07-17
expresssmash.com,2022-07-17
190.123.44.228,2022-07-10
162.244.82.15,2022-07-10
146.0.72.81,2022-07-10
84.32.188.197,2022-07-10
139.60.161.60,2022-07-10
84.32.188.170,2022-07-10
18.163.195.225,2022-07-10
a6m1n.xyz,2022-07-10
195.58.49.68,2022-07-10
139.60.161.83,2022-07-10
172.93.193.34,2022-07-10
23.227.204.126,2022-07-02
appmind.center,2022-07-02
139.60.160.13,2022-07-02
146.59.92.102,2022-07-02
oracleup.cc,2022-07-02
3.12.164.219,2022-07-02
185.62.57.9,2022-07-02
190.123.44.228,2022-07-02
139.60.160.23,2022-07-02
139.60.161.45,2022-07-02
blockchainstartups-crypto.com,2022-06-25
139.60.160.21,2022-06-25
5.199.174.219,2022-06-25
146.70.106.79,2022-06-25
84.32.190.1,2022-06-25
youronlinesports.com,2022-06-25
yourinfosolutions.com,2022-06-25
146.70.87.247,2022-06-25
139.60.161.45,2022-06-25
146.70.125.72,2022-06-25
139.60.160.48,2022-06-25
thedaily-news.com,2022-06-18
139.60.160.51,2022-06-18
campioni-imam.com,2022-06-18
snccoupr-int.cf,2022-06-18
jacollans.com,2022-06-18
146.70.93.122,2022-06-18
globallookclub.com,2022-06-18
webyoutubeshop.com,2022-06-18
139.60.161.214,2022-06-18
185.217.1.23,2022-06-18
139.60.160.12,2022-06-18
190.123.44.220,2022-06-18
139.60.160.8,2022-06-18
143.198.27.227,2022-06-18
84.32.188.157,2022-06-18
propertynewsclub.com,2022-06-18
20.187.187.128,2022-06-12
outlet-studio.com,2022-06-12
84.32.188.60,2022-06-12
topnewscompany.com,2022-06-12
159.223.175.206,2022-06-12
139.60.161.63,2022-06-12
139.60.160.53,2022-06-12
84.32.188.60,2022-06-12
139.60.161.83,2022-06-12
146.70.44.210,2022-06-12
139.60.161.74,2022-06-04
139.60.161.53,2022-06-04
190.123.44.126,2022-06-04
139.60.161.68,2022-06-04
192.161.48.14,2022-06-04
139.60.161.24,2022-06-04
46.21.153.153,2022-06-04
46.21.153.159,2022-06-04
thedaily-news.com,2022-06-04
139.60.161.167,2022-06-04
139.60.161.165,2022-06-04
139.60.161.163,2022-06-04
139.60.161.48,2022-06-04
139.60.161.83,2022-06-04
139.60.160.17,2022-05-29
87.251.64.5,2022-05-29
139.60.161.60,2022-05-29
84.32.190.30,2022-05-29
179.60.146.39,2022-05-29
64.190.113.189,2022-05-29
84.32.188.104,2022-05-29
84.32.188.104,2022-05-29
139.60.161.165,2022-05-29
139.60.161.83,2022-05-29
139.60.161.163,2022-05-29
3.99.186.201,2022-05-29
3.249.115.17,2022-05-29
139.60.161.89,2022-05-29
akamai-cloudendpoint2.azureedge.net,2022-05-29
ocsp-check.azureedge.net,2022-05-29
139.60.161.52,2022-05-23
139.60.160.51,2022-05-23
139.60.161.89,2022-05-23
43.155.96.44,2022-05-23
137.184.22.236,2022-05-23
139.60.161.69,2022-05-23
46.21.153.159,2022-05-23
146.70.44.170,2022-05-23
46.21.153.153,2022-05-23
146.70.44.136,2022-05-23
46.21.153.159,2022-05-10
46.21.153.153,2022-05-10
139.60.161.216,2022-05-10
146.70.44.170,2022-05-10
146.70.44.136,2022-05-10
146.70.44.137,2022-05-10
91.210.104.121,2022-05-10
139.60.161.32,2022-05-10
139.60.161.225,2022-05-10
146.0.74.45,2022-05-10
144.202.12.220,2022-05-10
84.32.188.60,2022-05-10
139.60.161.236,2022-05-01
139.60.161.89,2022-05-01
18.117.254.165,2022-05-01
139.60.161.24,2022-05-01
179.60.146.39,2022-05-01
23.227.198.246,2022-05-01
194.37.97.153,2022-05-01
65.21.237.219,2022-05-01
146.70.87.66,2022-05-01
146.70.44.136,2022-05-01
146.70.44.170,2022-05-01
164.92.70.225,2022-05-01
84.32.188.130,2022-05-01
84.32.188.190,2022-05-01
47.95.207.79,2022-05-01
116.62.185.223,2022-05-01
45.12.1.25,2022-05-01
107.173.89.148,2022-05-01
45.12.1.26,2022-05-01
185.186.143.111,2022-05-01
45.8.158.25,2022-05-01
137.184.42.85,2022-05-01
13.55.118.253,2022-05-01
18.117.254.165,2022-05-01
101.32.204.81,2022-05-01
149.255.35.131,2022-05-01
84.32.188.104,2022-05-01
115.29.171.175,2022-05-01
45.12.1.24,2022-05-01
37.72.172.110,2022-05-01
47.90.202.152,2022-05-01
81.68.225.136,2022-05-01
139.60.160.8,2022-05-01
192.227.155.185,2022-05-01
23.224.70.227,2022-05-01
43.129.7.189,2022-05-01
77.83.36.54,2022-05-01
23.224.152.139,2022-05-01
146.70.29.233,2022-05-01
82.156.241.148,2022-05-01
107.172.219.129,2022-05-01
120.26.240.21,2022-05-01
175.41.21.29,2022-05-01
101.34.182.130,2022-05-01
121.37.255.60,2022-05-01
134.209.92.85,2022-05-01
152.136.178.142,2022-05-01
62.113.255.12,2022-05-01
165.227.180.6,2022-05-01
138.68.110.227,2022-05-01
139.198.183.44,2022-05-01
47.243.22.29,2022-05-01
193.29.13.216,2022-05-01
1.14.76.111,2022-05-01
111.230.196.200,2022-05-01
107.173.89.148,2022-05-01
us189-hpgsgae5dva9fzch.z01.azurefd.net,2022-05-01
137.184.42.85,2022-05-01
84.32.188.130,2022-05-01
45.12.1.24,2022-05-01
18.117.254.165,2022-05-01
47.95.207.79,2022-05-01
149.255.35.131,2022-05-01
47.90.202.152,2022-05-01
13.55.118.253,2022-05-01
139.60.160.8,2022-05-01
101.32.204.81,2022-05-01
23.224.152.138,2022-05-01
115.29.171.175,2022-05-01
77.83.36.54,2022-05-01
193.112.148.243,2022-05-01
82.156.241.148,2022-05-01
120.26.240.21,2022-05-01
134.209.92.85,2022-05-01
165.227.180.6,2022-05-01
175.41.16.98,2022-05-01
121.37.255.60,2022-05-01
101.34.182.130,2022-05-01
152.136.178.142,2022-05-01
193.29.13.216,2022-05-01
47.243.22.29,2022-05-01
139.198.183.44,2022-05-01
81.71.77.164,2022-05-01
139.155.190.213,2022-05-01
47.243.22.29,2022-05-01
81.71.77.164,2022-05-01
139.155.190.222,2022-05-01
146.70.44.155,2022-04-18
185.112.83.65,2022-04-18
89.45.4.99,2022-04-18
51.254.159.98,2022-04-18
18.253.112.0,2022-04-15
84.32.190.33,2022-04-15
3.237.99.150,2022-04-15
3.13.126.118,2022-04-15
just-findncall.com,2022-04-15
139.60.161.85,2022-04-10
139.60.161.225,2022-04-10
139.60.160.8,2022-04-10
176.58.98.206,2022-04-10
84.32.188.93,2022-04-10
139.60.160.50,2022-04-04
139.60.160.53,2022-04-04
139.60.161.216,2022-04-04
139.60.160.52,2022-04-04
84.32.188.29,2022-04-04
5.39.221.57,2022-04-04
78.128.112.199,2022-04-04
23.227.203.40,2022-04-04
143.198.131.210,2022-04-04
18.117.254.165,2022-04-04
lapsusareskids.world,2022-04-04
194.5.212.192,2022-04-04
139.60.161.84,2022-04-04
139.60.161.57,2022-04-04
193.29.104.147,2022-04-04
137.184.158.59,2022-04-04
139.60.161.68,2022-04-04
139.60.161.32,2022-04-04
84.32.188.245,2022-04-04
143.198.110.248,2022-04-04
165.227.23.218,2022-04-04
138.68.227.71,2022-04-04
68.183.200.63,2022-04-04
45.55.36.143,2022-04-04
165.227.219.211,2022-04-04
161.35.137.163,2022-04-04
165.232.154.73,2022-04-04
159.65.246.188,2022-04-04
192.241.133.130,2022-04-04
64.227.0.177,2022-04-04
178.128.171.206,2022-04-04
91.210.105.71,2022-03-23
5.199.173.75,2022-03-23
144.202.49.189,2022-03-23
161.35.101.70,2022-03-23
107.189.12.133,2022-03-23
170.39.214.187,2022-03-23
23.227.198.246,2022-03-23
194.37.97.153,2022-03-23
139.60.161.69,2022-03-23
109.71.254.101,2022-03-23
139.60.160.8,2022-03-23
139.60.160.9,2022-03-17
84.32.190.70,2022-03-17
139.60.161.208,2022-03-17
80.78.22.156,2022-03-17
18.252.188.253,2022-03-17
139.60.161.236,2022-03-17
5.255.102.224,2022-03-17
139.60.160.11,2022-03-17
23.227.178.59,2022-03-11
185.8.105.112,2022-03-11
146.70.87.190,2022-03-11
185.8.105.103,2022-03-11
16.163.143.141,2022-03-11
147.182.174.77,2022-03-11
139.60.161.161,2022-03-11
139.60.161.225,2022-03-11
139.60.161.75,2022-03-11
139.60.160.51,2022-03-11
139.60.161.53,2022-03-11
45.142.122.170,2022-03-02
143.198.131.210,2022-03-02
139.60.160.210,2022-03-02
139.60.161.45,2022-03-02
139.60.161.57,2022-03-02
172.104.232.196,2022-03-02
164.90.153.100,2022-02-23
3.13.144.126,2022-02-23
143.198.190.57,2022-02-23
45.142.122.59,2022-02-23
shiyicaster.com,2022-02-23
78.128.112.199,2022-02-23
143.198.150.148,2022-02-23
5.39.222.151,2022-02-12
185.150.117.189,2022-02-12
139.60.161.69,2022-02-12
31.7.62.24,2022-02-12
139.60.161.47,2022-02-12
3.20.104.56,2022-02-05
18.217.66.68,2022-02-05
167.99.80.207,2022-02-05
3.20.104.56,2022-02-05
80.249.144.233,2022-02-05
147.182.220.15,2022-02-05
msdnsservice.com,2022-02-05
visualstudioapp.com,2022-02-05
149.56.127.166,2022-02-05
216.244.71.155,2022-02-05
visualstudioapp.com,2022-02-05
84.38.182.248,2022-02-01
80.249.144.233,2022-02-01
80.249.145.212,2022-02-01
77.223.99.210,2022-02-01
216.244.71.155,2022-02-01
5.101.50.140,2022-02-01
164.90.154.97,2022-02-01
149.56.127.166,2022-02-01
147.182.220.15,2022-02-01
167.172.136.160,2022-02-01
146.0.77.18,2022-02-01
5.39.223.131,2022-02-01
66.42.33.159,2022-02-01
micorsoft.cloud,2022-01-25
54.196.7.25,2022-01-25
143.198.150.148,2022-01-25
23.227.198.246,2022-01-20
3.13.144.126,2022-01-20
194.37.97.153,2022-01-20
217.79.243.148,2022-01-20
149.255.35.131,2022-01-20
193.201.9.229,2022-01-20
185.150.119.157,2022-01-20
185.70.184.2,2022-01-20
172.96.189.218,2022-01-20
23.224.152.138,2022-01-20
185.244.150.102,2022-01-20
m7r4r2i2.stackpathcdn.com,2022-01-20
172.96.189.218,2022-01-20
23.227.198.246,2022-01-20
18.64.229.146,2022-01-20
217.79.243.148,2022-01-20
194.37.97.153,2022-01-20
168.61.180.98,2022-01-20
144.217.207.19,2022-01-20
149.255.35.131,2022-01-20
193.201.9.229,2022-01-20
104.128.92.144,2022-01-20
137.184.98.78,2022-01-18
38.132.122.216,2022-01-15
146.70.24.135,2022-01-15
146.70.24.145,2022-01-15
185.244.150.102,2022-01-15
139.60.161.45,2022-01-15
5.39.223.130,2022-01-15
143.110.233.88,2022-01-10
666621.xyz,2022-01-04
666621.xyz,2022-01-04
51.79.161.200,2021-12-31
104.156.63.145,2021-12-26
23.227.190.205,2021-12-26
msdnsservice.com,2021-12-26
visualstudioapp.com,2021-12-26
164.90.154.97,2021-12-09
3.20.104.56,2021-12-06
18.217.66.68,2021-12-06
104.128.92.144,2021-12-06
40.69.35.53,2021-11-22
54.193.134.191,2021-11-11
8.210.194.59,2021-11-11
jquerycdnservice.com,2021-11-09
mysqlupdateserver.com,2021-11-09
167.99.80.207,2021-09-17
144.217.207.19,2021-09-02
139.155.190.84,2021-09-02
82.156.241.148,2021-09-02
81.70.229.78,2021-09-02
82.156.2.25,2021-09-02
52.175.122.61,2021-09-02
47.102.117.86,2021-09-02
23.224.70.227,2021-09-02
39.99.173.55,2021-09-02
139.198.174.135,2021-09-02
139.198.181.156,2021-09-02
132.232.40.201,2021-09-02
139.198.108.26,2021-09-02
111.230.198.142,2021-09-02
106.54.69.144,2021-09-02
1.117.154.185,2021-09-02
111.229.51.128,2021-09-02
139.155.190.117,2021-09-02
168.61.180.98,2021-08-10
23.224.152.138,2021-07-13
23.224.152.138,2021-07-13
104.243.41.123,2021-05-11
106.55.153.204,2021-05-11
165.227.85.160,2021-05-11
167.99.197.196,2021-05-11
