pulse_id	first_seen_utc	name	tags	ipv4_count
6985d695fd17eb2debd7f075	2026-02-06	DugganUSA Feed Harvest - 2026-02-06		501
6985d56cc726301164a03797	2026-02-06	OSINT Volley 2026-02-06 - Phorpiex/Unknown malware/Unknown Stealer		35
6985d3c5f1d4d7069e49bf36	2026-02-06	Oz Batch: 3 IOCs (avg BDE: 85)		2
6985d3a6a8a062739cbff6e8	2026-02-06	Campaign: Same country: CA - 2026-02-06		12
6985d3a39f2ac028f4f0d4d7	2026-02-06	Campaign: Same country: SG - 2026-02-06		3
6985d3a0e5e8b16c4614912a	2026-02-06	Campaign: Subnet correlation - 2026-02-06		91
6985d39d593c0ec2b020bfb2	2026-02-06	Campaign: Same country: RU - 2026-02-06		2
6985d39a8ab07af5b1654244	2026-02-06	Campaign: Same country: HK - 2026-02-06		2
6985d39704c2281eeedafff4	2026-02-06	Campaign: Same country: NL - 2026-02-06		2
6985d393a099b555ed837f13	2026-02-06	Campaign: Same country: GB - 2026-02-06		4
6985d3908d127c0e12fedc25	2026-02-06	Campaign: Same country: JP - 2026-02-06		4
6985d38d2fda1527975fdb03	2026-02-06	Campaign: Same country: ES - 2026-02-06		15
6985d38b0c56cd8939192bb5	2026-02-06	Campaign: Same country: US - 2026-02-06		3
6985d312c9bcd12483de0393	2026-02-06	DugganUSA Feed Harvest - 2026-02-06		501
6985d03d52f40240fb04ab8c	2026-02-06	Oz Batch: 29 IOCs (avg BDE: 80)		29
6985cf9a03728910e474f94b	2026-02-06	DugganUSA Feed Harvest - 2026-02-06		501
6985cf053cc0c7afe03db688	2026-02-06	Oz Batch: 50 IOCs (avg BDE: 80)		50
6985d881f1bd13b7a0aebfec	2026-02-06	Oz Batch: 15 IOCs (avg BDE: 80)		15
6985d889d65b7147b0ff1562	2026-02-06	Oz Batch: 50 IOCs (avg BDE: 80)		50
6985d89cabe0ccc29cc09274	2026-02-06	Oz Batch: 50 IOCs (avg BDE: 80)		50
6985d8971ea5a4199b45ff3d	2026-02-06	Oz Batch: 50 IOCs (avg BDE: 80)		50
6985d890c6c023c554a8f19b	2026-02-06	Oz Batch: 50 IOCs (avg BDE: 80)		50
6985d8acd3c4500db4bc5c28	2026-02-06	Oz Batch: 50 IOCs (avg BDE: 80)		50
6985d8a8c4ddb2f0a3242617	2026-02-06	Oz Batch: 50 IOCs (avg BDE: 80)		50
6985d8b91c497b6dc6fb5e45	2026-02-06	Oz Batch: 50 IOCs (avg BDE: 80)		50
6985d8b268e875d74c4aae15	2026-02-06	Oz Batch: 50 IOCs (avg BDE: 80)		50
6985d8ceee63e97c44ba25f7	2026-02-06	Oz Batch: 50 IOCs (avg BDE: 80)		50
6985d8c80ff546407e6bec92	2026-02-06	Oz Batch: 50 IOCs (avg BDE: 80)		47
6985d8c085520ff7b88856b0	2026-02-06	Oz Batch: 50 IOCs (avg BDE: 80)		50
6985d8de4489030603f933bf	2026-02-06	Oz Batch: 50 IOCs (avg BDE: 80)		50
6985d8d6421d864c6a16789e	2026-02-06	Oz Batch: 50 IOCs (avg BDE: 80)		50
6985d8ece0e1b135cc73b0f3	2026-02-06	Oz Batch: 50 IOCs (avg BDE: 80)		50
6985d8e3c55eae9bf56defd7	2026-02-06	Oz Batch: 50 IOCs (avg BDE: 80)		50
6985d8fa4b7dde44cf326cd8	2026-02-06	Oz Batch: 50 IOCs (avg BDE: 80)		50
6985d8f4eadeab494113c3c7	2026-02-06	Oz Batch: 50 IOCs (avg BDE: 80)		48
6985d90a303825b0c4f00c21	2026-02-06	Oz Batch: 50 IOCs (avg BDE: 80)		50
6985d90237f29974acb7913c	2026-02-06	Oz Batch: 50 IOCs (avg BDE: 80)		50
6985d9167238762845715783	2026-02-06	Oz Batch: 50 IOCs (avg BDE: 80)		50
6985d925b93d1b35e8f21582	2026-02-06	Oz Batch: 50 IOCs (avg BDE: 80)		50
6985d920896083b4883182e5	2026-02-06	Oz Batch: 50 IOCs (avg BDE: 80)		50
6985d93ca4d969be0ad33406	2026-02-06	Oz Batch: 50 IOCs (avg BDE: 80)		50
6985d935c19bc4a4f795c7af	2026-02-06	Oz Batch: 50 IOCs (avg BDE: 80)		50
6985d92d68e875d74c4aae16	2026-02-06	Oz Batch: 50 IOCs (avg BDE: 80)		50
6985d946005dcb9e6c0d5cf0	2026-02-06	Oz Batch: 50 IOCs (avg BDE: 80)		50
6985d95ea4d969be0ad33407	2026-02-06	Oz Batch: 50 IOCs (avg BDE: 80)		50
6985d956916e1a4b0b7ac926	2026-02-06	Oz Batch: 50 IOCs (avg BDE: 80)		50
6985d9560f036c913e517197	2026-02-06	Oz Batch: 50 IOCs (avg BDE: 80)		50
6985d96bd707ef4eb2ecd9a1	2026-02-06	Oz Batch: 50 IOCs (avg BDE: 80)		50
6985d97a49940e3d9cd4f3ed	2026-02-06	Oz Batch: 50 IOCs (avg BDE: 80)		50
6985d97255784cac07b95835	2026-02-06	Oz Batch: 50 IOCs (avg BDE: 80)		50
6985d97f64e7ce6e7a38584e	2026-02-06	Oz Batch: 50 IOCs (avg BDE: 80)		50
6985d9a11c497b6dc6fb5e46	2026-02-06	Oz Batch: 50 IOCs (avg BDE: 80)		50
6985da3cc1e7662c06e919bd	2026-02-06	DugganUSA Feed Harvest - 2026-02-06		501
6985dad86a3798f057b2f197	2026-02-06	Oz Batch: 14 IOCs (avg BDE: 80)		14
6985dc2550ce8f2d75a7e3ba	2026-02-06	Oz Batch: 50 IOCs (avg BDE: 80)		50
6985dc1c84a71ebc24e867aa	2026-02-06	Oz Batch: 50 IOCs (avg BDE: 80)		50
6985dc17e29cd5994e032bae	2026-02-06	Oz Batch: 50 IOCs (avg BDE: 80)		50
6985dc33307f7f788e4189fd	2026-02-06	Oz Batch: 50 IOCs (avg BDE: 80)		50
6985dc2afe286768b1a0ed07	2026-02-06	Oz Batch: 50 IOCs (avg BDE: 80)		50
6985dc418609a3b823490b5f	2026-02-06	Oz Batch: 50 IOCs (avg BDE: 80)		50
6985dc392767adebd8d16b8d	2026-02-06	Oz Batch: 50 IOCs (avg BDE: 80)		50
6985dc5299094ccfaa4314ab	2026-02-06	Oz Batch: 50 IOCs (avg BDE: 80)		50
6985dc4c8e0f20d4a388be7b	2026-02-06	Oz Batch: 50 IOCs (avg BDE: 80)		50
6985dc652144a9c513398275	2026-02-06	Oz Batch: 50 IOCs (avg BDE: 80)		50
6985dc5fb2871974e7bc8254	2026-02-06	Oz Batch: 50 IOCs (avg BDE: 80)		50
6985dc581f63f9a1ada13595	2026-02-06	Oz Batch: 50 IOCs (avg BDE: 80)		47
6985dc798c6b2bf6648b815a	2026-02-06	OSINT Volley 2026-02-06 - Phorpiex/Unknown malware/Unknown Stealer		37
6985dc76692138a85f2ffe9a	2026-02-06	Oz Batch: 50 IOCs (avg BDE: 80)		50
6985dc6dabe0ccc29cc09275	2026-02-06	Oz Batch: 50 IOCs (avg BDE: 80)		50
6985dc85dab1c5589eb5e4f1	2026-02-06	Oz Batch: 50 IOCs (avg BDE: 80)		48
6985dc7fafcca18449f9df5a	2026-02-06	Oz Batch: 50 IOCs (avg BDE: 80)		50
6985dc9920f166884ed1052d	2026-02-06	Oz Batch: 50 IOCs (avg BDE: 80)		50
6985dc9213d89e20028f18fe	2026-02-06	Oz Batch: 50 IOCs (avg BDE: 80)		50
6985dc8fd4eb155e980d5c74	2026-02-06	Oz Batch: 50 IOCs (avg BDE: 80)		50
6985dca8064a56a7758d6fa4	2026-02-06	Oz Batch: 50 IOCs (avg BDE: 80)		50
6985dca0cf4db9c02c04da17	2026-02-06	Oz Batch: 50 IOCs (avg BDE: 80)		50
6985dcb74270a39e07c84cf2	2026-02-06	Oz Batch: 50 IOCs (avg BDE: 80)		50
6985dcb104f52863a1d2d68e	2026-02-06	Oz Batch: 50 IOCs (avg BDE: 80)		50
6985dcca2a14a7b03f0b68ae	2026-02-06	Oz Batch: 50 IOCs (avg BDE: 80)		50
6985dcc2ba627fb95d6f1fe7	2026-02-06	Oz Batch: 50 IOCs (avg BDE: 80)		50
6985dcbd205ea908316108d9	2026-02-06	Oz Batch: 50 IOCs (avg BDE: 80)		50
6985dcd33543572809330e61	2026-02-06	Oz Batch: 50 IOCs (avg BDE: 80)		50
6985dce07d46b1288865369d	2026-02-06	Oz Batch: 50 IOCs (avg BDE: 80)		50
6985dcd9e762fcdd177e39d5	2026-02-06	Oz Batch: 50 IOCs (avg BDE: 80)		50
6985dcf5681f30558702424f	2026-02-06	Oz Batch: 50 IOCs (avg BDE: 80)		50
6985dcef842a36f554d1a6ee	2026-02-06	Oz Batch: 50 IOCs (avg BDE: 80)		50
6985dce7c27e2607765ab684	2026-02-06	Oz Batch: 50 IOCs (avg BDE: 80)		50
6985dd02e6f96aaf3b93be69	2026-02-06	Oz Batch: 50 IOCs (avg BDE: 80)		50
6985dcfcb184c15325272eab	2026-02-06	Oz Batch: 50 IOCs (avg BDE: 80)		50
6985ddb43f345de71382ea86	2026-02-06	DugganUSA Feed Harvest - 2026-02-06		501
6985de5de6f96aaf3b93be6a	2026-02-06	Oz Batch: 29 IOCs (avg BDE: 80)		29
6985e1215bdfbb5f93e205f3	2026-02-06	DugganUSA Feed Harvest - 2026-02-06		501
