ip,port,malware,confidence_level,first_seen_utc_date
185.214.10.57,3920,win.nanocore,100,2025-12-23
202.154.5.83,9092,unknown,100,2025-12-23
91.121.34.146,80,unknown,100,2025-12-23
213.209.159.105,9000,win.sectop_rat,100,2025-12-23
81.17.24.58,3812,win.remcos,100,2025-12-23
195.24.237.124,2403,win.remcos,100,2025-12-23
193.161.193.99,52541,win.xworm,75,2025-12-23
141.95.72.240,5525,win.brute_ratel_c4,75,2025-12-23
185.209.42.103,31337,win.sliver,90,2025-12-23
98.93.4.164,7443,unknown,100,2025-12-23
185.194.175.132,443,unknown,100,2025-12-23
47.98.100.197,60000,unknown,100,2025-12-23
43.142.109.146,60000,unknown,100,2025-12-23
51.222.136.152,3333,unknown,100,2025-12-23
13.60.192.156,3333,unknown,100,2025-12-23
91.84.101.151,3333,unknown,100,2025-12-23
63.181.237.96,443,unknown,100,2025-12-23
63.181.237.96,80,unknown,100,2025-12-23
147.45.199.50,443,js.fakeupdates,100,2025-12-23
191.96.94.159,443,js.fakeupdates,100,2025-12-23
101.42.100.12,4444,win.cobalt_strike,100,2025-12-23
164.92.134.163,4444,win.cobalt_strike,100,2025-12-23
198.13.158.127,443,js.clearfake,100,2025-12-23
34.239.178.12,8888,win.sliver,75,2025-12-23
45.134.26.41,9999,win.castle_rat,75,2025-12-23
158.94.210.88,2663,elf.bashlite,75,2025-12-23
13.223.155.240,443,unknown,100,2025-12-23
51.79.158.254,443,unknown,100,2025-12-23
13.223.155.240,80,unknown,100,2025-12-23
43.138.157.213,50009,win.empire_downloader,100,2025-12-23
103.177.46.82,3790,win.meterpreter,100,2025-12-23
103.177.46.86,3790,win.meterpreter,100,2025-12-23
103.177.46.103,3790,win.meterpreter,100,2025-12-23
52.91.103.59,10790,win.meterpreter,100,2025-12-23
34.60.209.80,80,win.mimikatz,100,2025-12-23
103.20.102.7,8848,win.dcrat,100,2025-12-23
104.194.154.98,7000,win.dcrat,100,2025-12-23
206.189.36.146,9999,win.venom,100,2025-12-23
182.123.72.158,8888,win.quasar_rat,100,2025-12-23
103.103.23.93,443,unknown,100,2025-12-23
105.155.22.136,5000,win.asyncrat,100,2025-12-23
103.75.116.82,443,win.sliver,100,2025-12-23
43.226.229.228,57483,win.remcos,100,2025-12-23
77.90.60.32,80,win.netsupportmanager_rat,100,2025-12-23
185.39.19.95,443,win.netsupportmanager_rat,100,2025-12-23
151.242.25.9,9000,unknown,100,2025-12-23
77.110.103.209,3000,unknown,100,2025-12-23
89.110.93.218,443,win.bianlian,100,2025-12-23
34.71.69.185,10443,unknown,100,2025-12-23
196.188.250.153,8443,unknown,100,2025-12-23
13.220.120.137,443,unknown,100,2025-12-23
47.236.96.178,3333,unknown,100,2025-12-23
187.112.166.26,7000,win.venom,100,2025-12-23
172.81.133.178,80,win.cobalt_strike,100,2025-12-23
77.110.123.23,80,win.stealc,100,2025-12-23
80.97.160.144,80,win.stealc,100,2025-12-23
37.221.66.166,80,win.stealc,100,2025-12-23
178.17.59.22,80,win.stealc,100,2025-12-23
206.238.144.163,23052,win.valley_rat,100,2025-12-23
192.169.69.26,5580,win.nanocore,100,2025-12-23
213.199.33.111,80,unknown,100,2025-12-23
94.130.229.174,443,unknown,100,2025-12-23
77.120.128.132,443,unknown,100,2025-12-23
103.177.46.61,3790,win.meterpreter,100,2025-12-23
196.75.106.156,2222,win.meterpreter,100,2025-12-23
103.177.47.122,3790,win.meterpreter,100,2025-12-23
34.27.242.178,80,win.mimikatz,100,2025-12-23
171.232.1.88,7001,win.venom,100,2025-12-23
188.166.242.35,443,win.havoc,100,2025-12-23
54.226.113.1,7443,unknown,100,2025-12-23
163.5.149.126,7070,win.remcos,100,2025-12-23
47.115.225.70,10001,win.cobalt_strike,100,2025-12-23
92.242.38.228,5655,win.rms,100,2025-12-23
8.159.146.72,443,win.cobalt_strike,75,2025-12-23
45.74.9.54,3608,win.asyncrat,100,2025-12-23
89.197.167.116,7700,win.empire_downloader,100,2025-12-23
2.57.122.219,3930,win.meterpreter,100,2025-12-23
3.83.164.113,20001,win.meterpreter,100,2025-12-23
3.83.164.113,7001,win.meterpreter,100,2025-12-23
144.172.94.208,80,elf.bashlite,100,2025-12-23
93.198.189.106,81,win.netsupportmanager_rat,100,2025-12-23
159.203.71.65,443,win.havoc,100,2025-12-23
188.190.4.219,8443,win.sliver,100,2025-12-23
107.174.232.94,8089,win.sliver,100,2025-12-23
124.230.195.113,9999,win.ghost_rat,100,2025-12-23
23.249.20.61,14994,win.ghost_rat,100,2025-12-23
206.238.144.163,23051,win.valley_rat,100,2025-12-23
52.3.122.225,80,unknown,100,2025-12-22
103.82.27.237,8080,apk.ermac,100,2025-12-22
165.227.20.81,8089,apk.hook,100,2025-12-22
157.20.182.24,4444,win.asyncrat,100,2025-12-22
96.30.193.34,443,win.sliver,100,2025-12-22
103.60.12.201,443,win.remcos,100,2025-12-22
5.182.210.61,1434,win.cobalt_strike,100,2025-12-22
43.134.7.96,80,win.cobalt_strike,100,2025-12-22
179.43.186.214,7889,win.cobalt_strike,100,2025-12-22
111.229.180.223,8555,win.asyncrat,75,2025-12-22
111.229.180.223,35555,win.asyncrat,75,2025-12-22
111.229.180.223,25555,win.asyncrat,75,2025-12-22
111.229.180.223,15555,win.asyncrat,75,2025-12-22
111.229.180.223,7555,win.asyncrat,100,2025-12-22
62.60.231.239,443,win.deimos_c2,75,2025-12-22
105.155.22.136,8808,win.asyncrat,75,2025-12-22
103.60.12.201,8080,win.remcos,75,2025-12-22
207.56.138.28,6666,win.valley_rat,100,2025-12-22
45.133.180.162,8848,win.asyncrat,100,2025-12-22
74.50.99.45,8443,unknown,100,2025-12-22
104.199.248.167,80,unknown,100,2025-12-22
144.208.73.31,443,unknown,100,2025-12-22
77.246.147.92,443,unknown,100,2025-12-22
137.184.36.177,443,unknown,100,2025-12-22
54.226.113.1,80,win.empire_downloader,100,2025-12-22
100.31.91.8,2455,win.meterpreter,100,2025-12-22
54.235.6.31,2077,win.meterpreter,100,2025-12-22
86.54.42.15,443,win.vidar,100,2025-12-22
178.212.60.229,4444,win.quasar_rat,100,2025-12-22
103.82.27.237,80,apk.hook,100,2025-12-22
161.248.179.14,8080,win.asyncrat,100,2025-12-22
62.234.51.80,443,win.cobalt_strike,100,2025-12-22
43.143.148.215,4444,win.cobalt_strike,100,2025-12-22
83.229.125.47,62000,win.cobalt_strike,100,2025-12-22
147.45.45.132,8100,win.xworm,100,2025-12-22
147.45.45.132,3058,win.xworm,100,2025-12-22
151.244.232.50,24000,win.remcos,100,2025-12-22
151.244.232.50,27000,win.remcos,100,2025-12-22
151.244.232.50,28000,win.remcos,100,2025-12-22
209.141.49.251,3778,elf.mirai,80,2025-12-22
193.142.146.30,9433,win.cobalt_strike,100,2025-12-22
194.169.163.140,3535,win.dcrat,100,2025-12-22
103.14.72.186,60000,unknown,100,2025-12-22
8.137.32.187,60000,unknown,100,2025-12-22
35.174.168.204,3333,unknown,100,2025-12-22
172.245.139.234,3333,unknown,100,2025-12-22
74.225.155.108,3333,unknown,100,2025-12-22
46.202.190.17,3333,unknown,100,2025-12-22
154.222.24.223,3333,unknown,100,2025-12-22
64.225.99.151,3333,unknown,100,2025-12-22
59.127.36.79,3333,unknown,100,2025-12-22
172.236.2.20,3333,unknown,100,2025-12-22
4.247.129.160,3333,unknown,100,2025-12-22
106.54.179.15,443,win.meterpreter,75,2025-12-22
194.233.68.134,8085,unknown,100,2025-12-22
104.199.248.167,443,unknown,100,2025-12-22
77.120.128.132,80,unknown,100,2025-12-22
98.91.225.225,2086,win.meterpreter,100,2025-12-22
100.31.91.8,50805,win.meterpreter,100,2025-12-22
194.59.30.181,4444,win.adaptix_c2,100,2025-12-22
139.84.139.117,443,win.shadowpad,90,2025-12-22
39.108.223.130,8111,win.cobalt_strike,100,2025-12-22
45.62.104.60,2083,win.cobalt_strike,100,2025-12-22
103.149.93.120,80,win.cobalt_strike,100,2025-12-22
78.128.99.206,8081,win.sliver,75,2025-12-22
76.223.65.91,443,win.deimos_c2,75,2025-12-22
54.250.139.75,443,win.deimos_c2,75,2025-12-22
149.109.245.145,443,win.qakbot,75,2025-12-22
116.203.33.154,990,win.deimos_c2,75,2025-12-22
100.26.157.2,443,unknown,100,2025-12-22
213.199.33.111,443,unknown,100,2025-12-22
100.26.157.2,80,unknown,100,2025-12-22
52.3.122.225,443,unknown,100,2025-12-22
98.91.225.225,5986,win.meterpreter,100,2025-12-22
38.14.254.56,80,elf.moobot,100,2025-12-22
185.11.61.217,9000,win.sectop_rat,100,2025-12-22
151.145.80.70,443,win.sliver,100,2025-12-22
213.227.129.35,443,win.remcos,100,2025-12-22
47.242.114.247,80,win.cobalt_strike,100,2025-12-22
38.60.216.200,55650,elf.moobot,75,2025-12-22
84.252.120.207,420,elf.mirai,80,2025-12-22
41.216.189.188,63645,elf.mirai,80,2025-12-22
134.122.154.44,8888,unknown,100,2025-12-22
103.43.71.150,5858,unknown,100,2025-12-22
38.12.32.107,8888,unknown,100,2025-12-22
68.168.218.88,3333,unknown,100,2025-12-22
141.253.116.166,3333,unknown,100,2025-12-22
173.212.229.99,3333,unknown,100,2025-12-22
47.236.202.114,3333,unknown,100,2025-12-22
155.133.22.95,4526,unknown,100,2025-12-22
173.255.192.220,49564,elf.mirai,50,2025-12-22
106.54.179.15,8080,win.meterpreter,100,2025-12-22
98.89.4.133,825,win.meterpreter,100,2025-12-22
44.203.184.168,8080,win.meterpreter,100,2025-12-22
199.101.111.197,3790,win.meterpreter,100,2025-12-22
199.101.111.200,3790,win.meterpreter,100,2025-12-22
34.201.60.238,50508,win.meterpreter,100,2025-12-22
199.101.111.213,3790,win.meterpreter,100,2025-12-22
217.60.6.170,443,unknown,100,2025-12-22
94.183.168.33,80,apk.hook,100,2025-12-22
102.117.171.88,7443,unknown,100,2025-12-22
162.211.183.79,8888,unknown,100,2025-12-22
154.12.116.211,2404,win.remcos,100,2025-12-22
5.182.210.126,1434,win.cobalt_strike,100,2025-12-22
203.91.74.244,443,win.valley_rat,100,2025-12-22
8.134.130.147,88,win.cobalt_strike,75,2025-12-22
178.22.24.175,4782,win.quasar_rat,100,2025-12-22
170.168.103.223,1337,win.empire_downloader,100,2025-12-22
199.101.111.105,3790,win.meterpreter,100,2025-12-22
109.205.61.30,7687,win.meterpreter,100,2025-12-22
212.64.215.198,5037,win.dcrat,100,2025-12-22
161.248.179.14,80,win.asyncrat,100,2025-12-22
161.248.179.14,443,win.asyncrat,100,2025-12-22
158.180.58.242,9999,win.sliver,100,2025-12-22
64.190.113.161,443,win.pupy,100,2025-12-22
154.22.5.139,2404,win.remcos,100,2025-12-22
62.60.178.9,80,win.stealc,100,2025-12-21
62.60.226.159,27015,unknown_stealer,100,2025-12-21
118.25.236.187,6666,win.valley_rat,100,2025-12-21
43.154.85.148,6666,win.valley_rat,100,2025-12-21
43.142.162.211,7777,win.cobalt_strike,100,2025-12-21
45.149.154.31,4782,win.quasar_rat,100,2025-12-21
125.227.20.205,4279,win.rms,100,2025-12-21
193.32.190.177,443,win.cobalt_strike,90,2025-12-21
138.68.155.86,5050,win.njrat,100,2025-12-21
34.224.67.51,1723,win.meterpreter,100,2025-12-21
114.66.59.216,4499,win.venom,100,2025-12-21
13.48.43.92,7443,unknown,100,2025-12-21
156.234.32.84,3955,win.asyncrat,100,2025-12-21
156.234.32.82,3955,win.asyncrat,100,2025-12-21
157.20.182.25,4443,win.asyncrat,100,2025-12-21
157.20.182.25,4444,win.asyncrat,100,2025-12-21
212.192.15.225,80,win.cobalt_strike,100,2025-12-21
47.109.189.74,80,win.cobalt_strike,100,2025-12-21
106.250.166.45,5709,win.rms,100,2025-12-21
62.60.177.94,8443,win.havoc,75,2025-12-21
195.20.17.49,8888,win.sliver,75,2025-12-21
185.29.11.117,2404,win.remcos,75,2025-12-21
113.240.86.19,10250,win.deimos_c2,75,2025-12-21
156.247.40.57,6667,win.valley_rat,100,2025-12-21
195.24.236.115,8990,win.quasar_rat,100,2025-12-21
54.174.121.164,19287,win.meterpreter,100,2025-12-21
116.97.240.228,6606,win.asyncrat,100,2025-12-21
45.153.34.176,3778,elf.mirai,80,2025-12-21
45.121.51.26,80,win.cobalt_strike,100,2025-12-21
1.12.233.147,8001,win.cobalt_strike,100,2025-12-21
107.172.31.101,80,win.asyncrat,100,2025-12-21
162.243.28.13,7077,win.asyncrat,100,2025-12-21
43.133.78.252,7443,unknown,100,2025-12-21
217.60.6.170,7443,unknown,100,2025-12-21
194.169.163.140,7777,win.dcrat,100,2025-12-21
5.223.60.142,60000,unknown,100,2025-12-21
159.89.22.242,3333,unknown,100,2025-12-21
168.119.214.202,810,unknown,100,2025-12-21
146.190.55.237,3333,unknown,100,2025-12-21
34.142.254.254,1024,elf.mirai,80,2025-12-21
47.94.208.110,443,win.cobalt_strike,100,2025-12-21
154.36.165.102,80,win.cobalt_strike,100,2025-12-21
107.175.94.110,80,win.cobalt_strike,100,2025-12-21
152.136.247.9,9999,win.cobalt_strike,100,2025-12-21
